City_ID,City,Country,Lat,Lng,Max Temp,Humidity,Cloudiness,Wind Speed,Current Description
0,Bambous Virieux,MU,-20.3428,57.7575,71.85,68,75,9.22,broken clouds
1,Los Llanos De Aridane,ES,28.6585,-17.9182,69.55,83,100,5.75,overcast clouds
2,Ushuaia,AR,-54.8,-68.3,47.86,46,0,3.44,clear sky
3,Takoradi,GH,4.8845,-1.7554,76.24,87,24,5.7,few clouds
4,Buala,SB,-8.145,159.5921,79.32,82,23,3.74,few clouds
5,Busselton,AU,-33.65,115.3333,48.49,75,10,12.88,clear sky
6,Souillac,MU,-20.5167,57.5167,71.98,68,75,9.22,broken clouds
7,Ajdabiya,LY,30.7554,20.2263,76.82,56,0,19.3,clear sky
8,Pascagoula,US,30.3658,-88.5561,87.42,38,0,6.91,clear sky
9,Butaritari,KI,3.0707,172.7902,81.36,78,58,17.25,light rain
10,Ribeira Grande,PT,38.5167,-28.7,73.8,88,40,10.36,scattered clouds
11,Vohibinany,MG,-17.35,49.0333,60.08,96,1,2.21,clear sky
12,Beyneu,KZ,45.3167,55.2,54.19,36,0,18.59,clear sky
13,Mataura,NZ,-46.1927,168.8643,47.48,99,25,5.55,moderate rain
14,Talnakh,RU,69.4865,88.3972,29.21,95,67,9.55,broken clouds
15,Oyama,JP,36.3,139.8,73.58,74,100,1.68,overcast clouds
16,Vaini,TO,-21.2,-175.2,75.36,88,40,9.22,scattered clouds
17,Kaduna,NG,10.5222,7.4383,73.13,90,100,5.26,overcast clouds
18,Provideniya,RU,64.3833,-173.3,34.72,80,13,9.22,few clouds
19,Kodiak,US,57.79,-152.4072,53.11,71,75,3.44,broken clouds
20,Torbay,CA,47.6666,-52.7314,50.58,62,75,11.99,broken clouds
21,East London,ZA,-33.0153,27.9116,67.86,88,11,15.77,few clouds
22,Cayenne,GF,4.9333,-52.3333,89.64,55,40,9.22,scattered clouds
23,Kavieng,PG,-2.5744,150.7967,81.46,76,2,10.2,light rain
24,Castro,BR,-24.7911,-50.0119,71.51,61,75,4.43,broken clouds
25,Hay River,CA,60.8156,-115.7999,53.58,50,20,25.32,few clouds
26,Bluff,NZ,-46.6,168.3333,47.8,81,100,22.44,moderate rain
27,Pevek,RU,69.7008,170.3133,31.06,96,100,8.08,overcast clouds
28,Vila Franca Do Campo,PT,37.7167,-25.4333,76.19,87,72,14.25,broken clouds
29,Georgetown,MY,5.4112,100.3354,79.9,91,40,4.61,scattered clouds
30,Avarua,CK,-21.2078,-159.775,73.45,68,40,11.5,scattered clouds
31,Nikolskoye,RU,59.7035,30.7861,45.79,96,100,4.88,overcast clouds
32,Albany,US,42.6001,-73.9662,58.33,67,100,9.26,overcast clouds
33,Hermanus,ZA,-34.4187,19.2345,60.8,85,0,13.96,clear sky
34,Tiksi,RU,71.6872,128.8694,24.87,88,100,12.28,overcast clouds
35,Tasiilaq,GL,65.6145,-37.6368,37.56,96,100,26.96,light rain
36,Barrow,US,71.2906,-156.7887,26.62,80,100,11.5,overcast clouds
37,Hobart,AU,-42.8794,147.3294,48.06,92,40,5.75,scattered clouds
38,Arys,KZ,42.4252,68.795,53.64,25,93,7.58,overcast clouds
39,High Level,CA,58.5169,-117.136,60.91,31,20,10.36,smoke
40,Severobaykalsk,RU,55.65,109.3167,27.43,64,99,4.14,overcast clouds
41,Kapaa,US,22.0752,-159.319,75.09,92,100,12.66,moderate rain
42,Saint-Francois,FR,46.4154,3.9054,63.84,72,0,3.44,clear sky
43,Qaanaaq,GL,77.484,-69.3632,10.04,74,17,7.65,few clouds
44,Lufilufi,WS,-13.8745,-171.5986,79.9,64,7,18.32,clear sky
45,Gravdal,NO,68.1214,13.5031,50.29,90,100,9.95,overcast clouds
46,Kavaratti,IN,10.5669,72.642,81.32,77,100,11.79,light rain
47,Arraial Do Cabo,BR,-22.9661,-42.0278,73.36,78,75,12.66,broken clouds
48,Teguldet,RU,57.3064,88.1667,25.39,90,43,2.86,scattered clouds
49,Asosa,ET,10.0667,34.5333,60.13,95,54,3.56,moderate rain
50,Bronnoysund,NO,65.4625,12.1997,50.0,93,75,2.3,broken clouds
51,Havoysund,NO,70.9963,24.6622,43.03,83,100,1.74,overcast clouds
52,Mariel,CU,22.9875,-82.7536,84.34,60,7,10.83,clear sky
53,Hilo,US,19.7297,-155.09,87.28,66,0,4.61,clear sky
54,Pangai,TO,-19.8,-174.35,77.11,65,40,11.5,scattered clouds
55,Akdepe,TM,42.0551,59.3788,46.49,21,6,8.57,clear sky
56,Glazov,RU,58.1394,52.6584,52.41,94,100,11.61,overcast clouds
57,Yellowknife,CA,62.456,-114.3525,43.32,70,75,32.99,light rain
58,Carahue,CL,-38.7,-73.1667,65.21,56,97,5.95,overcast clouds
59,Airai,TL,-8.9266,125.4092,61.99,90,100,1.19,overcast clouds
60,Sao Francisco,BR,-15.9486,-44.8644,87.42,37,88,6.51,light rain
61,Gibara,CU,21.1097,-76.1317,76.32,73,85,4.61,moderate rain
62,Dikson,RU,73.5069,80.5464,30.06,90,100,20.31,overcast clouds
63,Tuatapere,NZ,-46.1333,167.6833,44.65,89,100,11.61,overcast clouds
64,Goderich,CA,43.7501,-81.7165,59.32,36,0,9.22,clear sky
65,Timra,SE,62.487,17.3257,47.68,93,75,2.3,fog
66,Henties Bay,NA,-22.116,14.2845,56.55,92,5,5.41,clear sky
67,Cape Town,ZA,-33.9258,18.4232,62.89,77,0,4.61,clear sky
68,Saint-Philippe,RE,-21.3585,55.7679,67.59,76,34,11.48,scattered clouds
69,Yar-Sale,RU,66.8333,70.8333,36.99,84,100,12.55,overcast clouds
70,Yemelyanovo,RU,56.1681,92.6767,33.08,93,40,0.0,light shower snow
71,Hithadhoo,MV,-0.6,73.0833,81.82,68,100,12.57,overcast clouds
72,Punta Arenas,CL,-53.15,-70.9167,51.91,40,0,10.36,clear sky
73,Matara,LK,5.9485,80.5353,78.48,83,100,18.59,overcast clouds
74,Vao,NC,-22.6667,167.4833,70.34,70,100,10.71,overcast clouds
75,Puerto Ayora,EC,-0.7393,-90.3518,75.16,89,86,5.99,overcast clouds
76,Atuona,PF,-9.8,-139.0333,76.59,77,41,20.71,light rain
77,New Norfolk,AU,-42.7826,147.0587,47.71,84,100,2.06,overcast clouds
78,Caxias,PT,38.7031,-9.2767,81.73,49,0,5.75,clear sky
79,Beringovskiy,RU,63.05,179.3167,40.95,80,100,10.89,overcast clouds
80,Severo-Yeniseyskiy,RU,60.3725,93.0408,25.66,90,100,5.26,overcast clouds
81,Bandrele,YT,-12.9067,45.1914,73.15,83,0,2.3,clear sky
82,Norman Wells,CA,65.282,-126.8329,32.04,93,75,6.91,broken clouds
83,Denizli,TR,37.8402,29.0698,68.5,66,25,6.2,scattered clouds
84,Oborniki,PL,52.6474,16.8141,51.17,87,6,12.97,clear sky
85,Iqaluit,CA,63.7506,-68.5145,33.53,64,75,15.01,broken clouds
86,Bredasdorp,ZA,-34.5322,20.0403,54.75,88,2,6.42,clear sky
87,Pio Xii,BR,-3.8325,-45.1525,99.75,23,60,3.0,broken clouds
88,Rikitea,PF,-23.1203,-134.9692,73.99,69,0,5.68,clear sky
89,Portland,US,45.5234,-122.6762,85.33,49,0,8.05,clear sky
90,Carnarvon,AU,-24.8667,113.6333,66.33,60,0,13.62,clear sky
91,Novyy Urengoy,RU,66.0833,76.6333,33.53,72,100,12.46,overcast clouds
92,Khatanga,RU,71.9667,102.5,21.85,96,100,9.89,overcast clouds
93,Whittlesea,ZA,-32.1759,26.8244,69.71,20,0,4.14,clear sky
94,Saldanha,ZA,-33.0117,17.9442,57.25,81,0,5.64,clear sky
95,Darab,IR,28.7519,54.5444,76.66,43,3,3.09,clear sky
96,Esperance,AU,-33.8667,121.9,53.37,79,81,17.43,broken clouds
97,Upernavik,GL,72.7868,-56.1549,22.39,87,12,10.42,few clouds
98,Mahebourg,MU,-20.4081,57.7,71.89,68,75,9.22,broken clouds
99,Tuktoyaktuk,CA,69.4541,-133.0374,26.6,86,100,8.05,overcast clouds
100,Port Alfred,ZA,-33.5906,26.891,65.17,94,0,1.99,clear sky
101,Chubbuck,US,42.9208,-112.4661,71.15,42,0,3.0,clear sky
102,Saskylakh,RU,71.9167,114.0833,25.32,94,100,14.81,overcast clouds
103,Cherskiy,RU,68.75,161.3,26.74,94,100,10.67,overcast clouds
104,Chokurdakh,RU,70.6333,147.9167,16.74,91,89,7.07,overcast clouds
105,Mosquera,CO,4.7059,-74.2302,64.49,48,75,11.5,broken clouds
106,Kyzyl-Suu,KG,42.3414,78.0056,47.08,49,48,3.33,scattered clouds
107,Sinnamary,GF,5.3833,-52.95,83.46,73,97,10.94,overcast clouds
108,Palmer,US,42.1584,-72.3287,56.62,47,75,13.8,broken clouds
109,Mar Del Plata,AR,-38.0023,-57.5575,55.42,71,0,18.41,light rain
110,Lusambo,CD,-4.9667,23.45,69.53,94,78,2.59,broken clouds
111,Victoria,HK,22.2855,114.1577,83.32,84,10,4.0,clear sky
112,Meleuz,RU,52.9667,55.9167,50.05,44,95,11.39,overcast clouds
113,Xining,CN,36.6167,101.7667,43.88,64,100,4.18,overcast clouds
114,Bengkulu,ID,-3.8004,102.2655,74.97,92,100,5.68,overcast clouds
115,Sagarejo,GE,41.734,45.3315,61.23,59,67,4.72,broken clouds
116,Shintomi,JP,32.0785,131.4723,68.7,80,20,4.41,few clouds
117,Vanimo,PG,-2.6741,141.3028,76.28,90,88,5.41,overcast clouds
118,Biloela,AU,-24.4167,150.5,60.1,88,58,8.1,broken clouds
119,Nemuro,JP,43.3236,145.575,56.35,74,6,11.61,clear sky
120,Mahon,ES,39.8885,4.2658,68.56,73,0,1.14,clear sky
121,Lavrentiya,RU,65.5833,-171.0,34.84,81,18,9.48,few clouds
122,Nizwa,OM,22.9333,57.5333,81.97,55,37,10.8,scattered clouds
123,Kautokeino,NO,69.0125,23.0412,33.75,87,13,2.86,few clouds
124,Gilbues,BR,-9.8317,-45.3439,97.72,18,10,8.48,clear sky
125,Flinders,AU,-34.5833,150.8552,48.25,91,2,3.0,clear sky
126,Locri,IT,38.2414,16.2623,65.32,74,0,12.24,clear sky
127,Salinopolis,BR,-0.6136,-47.3561,82.08,74,68,12.84,broken clouds
128,Port Hardy,CA,50.6996,-127.4199,53.78,100,75,3.44,mist
129,Dingle,PH,10.9995,122.6711,76.3,92,100,5.79,overcast clouds
130,Saint George,US,37.1041,-113.5841,84.43,50,0,13.8,clear sky
131,Mareeba,AU,-17.0,145.4333,66.92,93,63,1.59,broken clouds
132,Washington,US,47.5001,-120.5015,83.19,25,2,5.28,clear sky
133,Vila,PT,42.0304,-8.1588,63.48,66,100,3.49,overcast clouds
134,Hoopstad,ZA,-27.8327,25.9083,65.77,14,0,2.06,clear sky
135,Caravelas,BR,-17.7125,-39.2481,75.79,78,23,8.55,few clouds
136,Nabire,ID,-3.3667,135.4833,74.7,89,77,2.93,broken clouds
137,Petropavlovsk-Kamchatskiy,RU,53.0452,158.6483,32.59,80,20,2.24,few clouds
138,Thompson,CA,55.7435,-97.8558,69.96,40,40,19.57,scattered clouds
139,Sola,VU,-13.8833,167.55,68.67,94,0,0.0,clear sky
140,Ludvika,SE,60.1496,15.1878,49.77,96,100,2.86,light rain
141,Paamiut,GL,61.994,-49.6678,37.26,70,19,17.96,few clouds
142,Flin Flon,CA,54.7682,-101.865,64.24,55,75,12.66,broken clouds
143,Shaki,AZ,41.0833,47.1667,65.41,56,43,5.91,scattered clouds
144,Pacific Grove,US,36.6177,-121.9166,70.41,67,40,8.05,scattered clouds
145,Meulaboh,ID,4.1363,96.1285,75.96,86,100,2.98,overcast clouds
146,Bandarbeyla,SO,9.4942,50.8122,77.02,83,100,25.37,overcast clouds
147,Khash,IR,28.2211,61.2158,65.97,25,0,3.91,clear sky
148,Tres Arroyos,AR,-38.3739,-60.2798,59.92,37,69,13.2,broken clouds
149,Luderitz,NA,-26.6481,15.1594,62.1,65,0,13.65,clear sky
150,Tazovskiy,RU,67.4667,78.7,34.09,80,100,12.59,overcast clouds
151,Alcacer Do Sal,PT,38.3733,-8.5144,73.72,27,0,2.77,clear sky
152,Sahuaripa,MX,29.05,-109.2333,88.05,39,5,3.13,clear sky
153,Morrope,PE,-6.5417,-80.0111,69.91,55,19,14.23,few clouds
154,Hofn,IS,64.2539,-15.2082,46.58,66,96,7.09,overcast clouds
155,Mao,ES,39.8885,4.2658,68.56,73,0,1.14,clear sky
156,Molo,KE,-0.2479,35.7374,55.0,76,99,0.54,overcast clouds
157,Roswell,US,34.0232,-84.3616,79.57,54,40,10.36,scattered clouds
158,Jamestown,US,42.097,-79.2353,62.53,68,75,13.8,broken clouds
159,Isabela,PH,6.7085,121.9711,78.6,86,100,2.62,overcast clouds
160,San Patricio,US,28.017,-97.5169,85.15,37,100,7.99,overcast clouds
161,Surt,LY,31.2089,16.5887,76.59,68,2,13.27,clear sky
162,Codrington,AU,-38.2667,141.9667,45.79,89,100,4.29,overcast clouds
163,Jutai,BR,-5.1833,-68.9,77.52,83,100,2.89,overcast clouds
164,Leningradskiy,RU,69.3833,178.4167,25.56,80,100,3.0,overcast clouds
165,Sinop,TR,41.7711,34.8709,58.96,89,100,7.45,light rain
166,Praia Da Vitoria,PT,38.7333,-27.0667,71.85,94,75,19.08,light intensity shower rain
167,Aklavik,CA,68.2191,-135.0107,28.4,86,100,5.75,fog
168,Vanavara,RU,60.34,102.2797,27.43,83,100,5.77,overcast clouds
169,Nybro,SE,56.7446,15.9071,52.25,88,99,9.31,overcast clouds
170,Saint-Pierre,RE,-21.3393,55.4781,67.68,73,0,5.75,clear sky
171,Kruisfontein,ZA,-34.0033,24.7314,62.89,91,0,9.17,clear sky
172,Ancud,CL,-41.8697,-73.8203,59.11,57,100,3.91,overcast clouds
173,Baza,ES,37.4907,-2.7726,76.42,48,92,1.01,overcast clouds
174,Maningrida,AU,-12.0667,134.2667,80.37,76,100,7.63,overcast clouds
175,Ola,RU,59.5833,151.2833,30.15,58,100,9.1,overcast clouds
176,Socorro,US,31.6546,-106.3033,80.06,35,75,8.05,broken clouds
177,Kamina,CD,-8.7386,24.9906,69.12,81,94,11.14,overcast clouds
178,Valparaiso,CL,-33.0393,-71.6273,59.0,90,100,6.91,fog
179,Kampot,KH,10.6167,104.1833,78.85,89,100,2.37,overcast clouds
180,Kapit,MY,2.0167,112.9333,73.89,99,100,1.79,light rain
181,Narsaq,GL,60.9167,-46.05,37.62,63,56,2.84,broken clouds
182,Inhambupe,BR,-11.7844,-38.3531,81.57,51,23,15.52,few clouds
183,Shu,KZ,43.5983,73.7614,49.57,23,20,3.49,few clouds
184,Rybnoye,RU,54.7256,39.5119,56.64,95,100,10.89,overcast clouds
185,Kaitangata,NZ,-46.2817,169.8464,43.02,92,27,14.74,scattered clouds
186,Sitka,US,57.0531,-135.33,49.89,81,0,0.0,clear sky
187,Egvekinot,RU,66.3167,-179.1667,23.83,81,100,6.35,overcast clouds
188,San Estanislao,CO,10.3983,-75.1511,87.69,60,74,6.4,broken clouds
189,Barcelos,PT,41.5388,-8.6151,74.91,65,67,4.59,broken clouds
190,Oksfjord,NO,70.2396,22.3479,32.18,84,29,2.01,scattered clouds
191,Monte Patria,CL,-30.6919,-70.9467,79.65,32,0,8.21,clear sky
192,Seoul,KR,37.5683,126.9778,71.04,97,100,9.22,moderate rain
193,Agua Verde,MX,22.9,-106.05,77.09,74,100,12.26,overcast clouds
194,Xichang,CN,27.8964,102.2634,63.18,94,2,1.34,clear sky
195,Lebu,CL,-37.6167,-73.65,56.82,72,100,6.35,overcast clouds
196,Merauke,ID,-8.4667,140.3333,76.91,93,92,8.77,overcast clouds
197,Axim,GH,4.8699,-2.2405,75.88,88,20,5.1,few clouds
198,Asekeyevo,RU,53.5742,52.7972,57.04,46,100,15.99,overcast clouds
199,Caluquembe,AO,-13.7833,14.6833,69.67,43,89,4.92,overcast clouds
200,Huallanca,PE,-9.8993,-76.9417,57.6,50,72,10.47,broken clouds
201,Mehamn,NO,71.0357,27.8492,40.91,93,75,2.3,broken clouds
202,Warah,PK,27.4481,67.7978,82.11,42,0,5.75,clear sky
203,Lerwick,GB,60.1545,-1.1494,53.6,88,83,16.33,broken clouds
204,Kalininsk,RU,51.5,44.4758,65.48,63,100,14.7,overcast clouds
205,Deputatskiy,RU,69.3,139.9,0.3,97,98,4.85,overcast clouds
206,Ca Mau,VN,9.1769,105.15,75.92,93,100,2.73,light rain
207,Atbasar,KZ,51.8,68.3333,33.91,48,0,7.11,clear sky
208,Sampit,ID,-2.5333,112.95,73.56,99,100,1.21,moderate rain
209,Ferkessedougou,CI,9.6,-5.2,74.17,93,99,5.32,overcast clouds
210,Ossora,RU,59.2353,163.0719,36.48,81,72,5.82,broken clouds
211,Ponta Do Sol,PT,32.6667,-17.1,72.72,83,61,5.32,broken clouds
212,Gore,NZ,-46.1028,168.9436,41.58,97,57,6.78,light rain
213,Tori Fatehpur,IN,25.45,79.1333,80.28,60,3,4.97,clear sky
214,Laukaa,RU,58.7372,29.8453,42.28,96,100,6.46,overcast clouds
215,Hasaki,JP,35.7333,140.8333,66.6,66,100,5.26,overcast clouds
216,Santa Maria,BR,-29.6842,-53.8069,69.1,56,75,9.22,broken clouds
217,Tarakan,ID,3.3,117.6333,80.04,76,100,1.83,light rain
218,Marrakesh,MA,31.6315,-8.0083,84.27,26,4,4.61,haze
219,Poum,NC,-20.2333,164.0167,74.41,70,99,16.42,overcast clouds
220,Mango,US,27.9797,-82.3065,87.24,45,0,10.36,clear sky
221,Kurilsk,RU,45.2333,147.8833,48.07,84,3,12.1,clear sky
222,Chuy,UY,-33.6971,-53.4616,64.62,54,0,6.73,clear sky
223,Longyearbyen,SJ,78.2186,15.6401,37.24,87,75,2.3,broken clouds
224,Horadiz,AZ,39.4488,47.3353,67.39,82,2,4.56,clear sky
225,Celestun,MX,20.8667,-90.4,82.8,57,48,10.8,scattered clouds
226,Portsmouth,GB,50.799,-1.0913,56.97,93,11,5.21,few clouds
227,Waingapu,ID,-9.6567,120.2641,78.96,82,77,1.72,broken clouds
228,Ostrovnoy,RU,68.0531,39.5131,37.63,80,99,9.75,overcast clouds
229,Pisco,PE,-13.7,-76.2167,66.25,68,0,5.75,clear sky
230,Hobyo,SO,5.3505,48.5268,76.53,87,92,20.94,overcast clouds
231,Bilibino,RU,68.0546,166.4372,27.63,95,100,0.92,overcast clouds
232,Avera,US,33.194,-82.5271,77.38,43,50,10.49,scattered clouds
233,Edson,CA,53.5835,-116.4356,69.91,43,0,9.22,clear sky
234,Severo-Kurilsk,RU,50.6789,156.125,43.88,71,94,8.7,overcast clouds
235,Road Town,VG,18.4167,-64.6167,87.89,79,20,4.61,few clouds
236,Dawlatabad,AF,36.4141,64.9053,59.18,27,0,2.39,clear sky
237,Yurimaguas,PE,-5.9,-76.0833,87.96,66,40,3.44,scattered clouds
238,Guaruja,BR,-23.9931,-46.2564,73.89,40,100,1.99,overcast clouds
239,Sept-Iles,CA,50.2001,-66.3821,52.23,42,20,13.8,few clouds
240,Riyadh,SA,24.6877,46.7219,82.54,12,0,8.52,clear sky
241,Rakai,UG,-0.72,31.4839,64.45,74,91,4.59,overcast clouds
242,Jalu,LY,29.0331,21.5482,83.32,49,0,20.98,clear sky
243,Udachnyy,RU,66.4167,112.4,20.86,95,99,8.41,overcast clouds
244,Kawalu,ID,-7.3817,108.2082,72.73,98,100,1.3,overcast clouds
245,Yebaishou,CN,41.3975,119.6408,57.9,87,100,11.68,overcast clouds
246,Januaria,BR,-15.4833,-44.3667,88.41,35,83,6.71,broken clouds
247,Devonport,AU,-41.1667,146.35,47.98,70,98,4.03,overcast clouds
248,Richards Bay,ZA,-28.783,32.0377,69.22,94,2,4.79,clear sky
249,Rongcheng,CN,30.634,117.8517,80.55,60,4,3.69,clear sky
250,Kenai,US,60.5544,-151.2583,46.09,98,100,3.44,light rain
251,Kununurra,AU,-15.7667,128.7333,75.18,78,100,4.61,overcast clouds
252,Hays,US,30.0502,-98.0336,85.08,34,97,4.0,overcast clouds
253,Marzuq,YE,14.4,46.4667,75.49,51,6,4.43,clear sky
254,Chokwe,MZ,-24.5333,32.9833,74.01,70,0,7.76,clear sky
255,Lagoa,PT,39.05,-27.9833,70.63,89,100,15.9,overcast clouds
256,Katangli,RU,51.7102,143.2326,50.74,93,100,12.86,overcast clouds
257,Otterup,DK,55.5153,10.3976,53.38,87,8,20.31,clear sky
258,Elizabeth City,US,36.2946,-76.2511,71.62,77,100,8.05,overcast clouds
259,Yakeshi,CN,49.2833,120.7333,27.77,43,98,5.35,overcast clouds
260,Homer,US,59.6425,-151.5483,48.78,92,100,5.75,overcast clouds
261,Kahului,US,20.8947,-156.47,85.96,69,20,9.22,few clouds
262,Taunggyi,MM,20.7833,97.0333,62.96,99,100,3.2,overcast clouds
263,Roma,US,43.2128,-75.4557,65.62,46,0,10.36,clear sky
264,Parker,US,32.7668,-97.8003,82.85,32,0,4.0,clear sky
265,Fairbanks,US,64.8378,-147.7164,40.6,94,100,3.44,mist
266,Carballo,ES,43.213,-8.691,65.62,97,98,2.21,overcast clouds
267,Rosetta,EG,31.4044,30.4164,78.44,84,0,13.6,clear sky
268,Alta Floresta,BR,-9.8756,-56.0861,100.78,19,96,1.25,overcast clouds
269,Broome,US,42.2506,-75.833,60.6,69,75,11.5,broken clouds
270,Nuuk,GL,64.1835,-51.7216,38.01,75,75,8.05,broken clouds
271,Oriximina,BR,-1.7656,-55.8661,91.76,45,95,1.77,overcast clouds
272,Gamba,GA,-2.65,10.0,76.17,89,100,4.27,overcast clouds
273,Port Blair,IN,11.6667,92.75,80.64,89,40,2.3,mist
274,Antofagasta,CL,-23.65,-70.4,60.08,64,41,8.7,scattered clouds
275,Cidreira,BR,-30.1811,-50.2056,63.81,83,73,6.42,broken clouds
276,Angoram,PG,-4.0625,144.0661,72.1,99,93,2.13,overcast clouds
277,Santo Domingo,DO,18.5001,-69.9886,85.64,82,75,6.91,broken clouds
278,Baiyin,CN,36.5583,104.2081,47.19,30,92,11.88,overcast clouds
279,Taoudenni,ML,22.6783,-3.9836,96.35,22,13,5.86,few clouds
280,Bilma,NE,18.6853,12.9164,92.77,12,0,7.52,clear sky
281,Sovetskiy,RU,61.3614,63.5842,37.2,86,100,9.71,overcast clouds
282,Galeana,MX,24.8333,-100.0667,67.8,52,7,9.95,clear sky
283,Atar,MR,20.5169,-13.0499,93.51,23,0,5.91,clear sky
284,Geraldton,AU,-28.7667,114.6,55.81,71,40,4.61,scattered clouds
285,Labrea,BR,-7.2586,-64.7981,93.72,38,100,4.21,overcast clouds
286,Arlit,NE,18.7369,7.3853,97.74,9,0,15.26,clear sky
287,Ormara,PK,25.2088,64.6357,79.81,82,17,10.4,few clouds
288,Isangel,VU,-19.55,169.2667,75.31,83,10,6.91,clear sky
289,Sami,GM,13.5833,-15.2,80.55,79,100,5.59,light rain
290,Siguiri,GN,11.6667,-9.5,75.78,86,70,3.09,broken clouds
291,Muros,ES,42.7762,-9.0603,64.83,77,96,8.63,overcast clouds
292,Roald,NO,62.5833,6.1333,54.91,87,75,16.11,broken clouds
293,Iralaya,HN,15.0,-83.2333,82.74,77,43,15.37,scattered clouds
294,Rong Kwang,TH,18.339,100.3174,73.11,95,100,0.98,overcast clouds
295,Itaueira,BR,-7.6033,-43.0256,95.5,17,8,6.06,clear sky
296,Boden,SE,65.8252,21.6886,50.0,88,86,1.61,overcast clouds
297,Uberherrn,DE,49.2419,6.6984,54.88,99,57,4.36,broken clouds
298,Morgaushi,RU,55.9643,46.7743,57.36,96,100,11.41,overcast clouds
299,Stawell,AU,-37.05,142.7667,45.28,81,99,1.25,overcast clouds
300,Moron,AR,-34.6534,-58.6198,81.95,44,13,6.85,few clouds
301,Abha,SA,18.2164,42.5053,64.22,82,0,0.0,clear sky
302,Derzhavinsk,KZ,51.1,66.3167,36.03,38,0,7.31,clear sky
303,Leninsk,RU,48.7119,45.1994,68.41,56,100,18.84,overcast clouds
304,Lasa,IT,46.6166,10.7002,53.37,91,36,7.27,scattered clouds
305,Moussoro,TD,13.6408,16.4901,92.61,28,2,9.82,clear sky
306,West Wendover,US,40.7391,-114.0733,60.01,39,0,4.61,clear sky
307,Mahanoro,MG,-19.9,48.8,64.62,87,2,5.5,clear sky
308,Tabora,TZ,-5.0167,32.8,75.96,20,8,9.08,clear sky
309,Mount Isa,AU,-20.7333,139.5,74.97,29,100,5.75,overcast clouds
310,Adrar,MR,20.5022,-10.0711,92.91,25,100,10.33,overcast clouds
311,Pangkalanbuun,ID,-2.6833,111.6167,74.16,97,100,1.48,light rain
312,Marawi,PH,7.9986,124.2928,69.06,92,100,2.33,overcast clouds
313,Poya,NC,-21.35,165.15,71.29,74,100,4.76,overcast clouds
314,Emerald,AU,-23.5333,148.1667,66.34,100,100,6.91,overcast clouds
315,Alexandria,EG,31.2156,29.9553,81.14,83,0,14.56,clear sky
316,Thurso,GB,58.5927,-3.5259,55.85,87,100,17.83,overcast clouds
317,Kloulklubed,PW,7.0419,134.2556,77.5,75,100,9.98,moderate rain
318,San Cristobal,VE,7.7669,-72.225,80.78,48,89,7.36,overcast clouds
319,Remanso,BR,-9.6179,-42.0831,89.19,31,19,9.31,few clouds
320,Lata,PT,40.1629,-8.3327,71.92,39,0,1.1,clear sky
321,Tautira,PF,-17.7333,-149.15,77.58,75,98,11.23,light rain
322,Sergeyevka,KZ,53.88,67.4158,33.49,41,0,5.88,clear sky
323,Olafsvik,IS,64.8945,-23.7142,45.34,89,100,19.82,moderate rain
324,Bonthe,SL,7.5264,-12.505,76.39,91,100,8.61,moderate rain
325,Tekeli,KZ,44.83,78.8239,42.73,18,0,8.37,clear sky
326,Fukue,JP,32.6881,128.8419,76.71,77,0,16.73,clear sky
327,Port Elizabeth,ZA,-33.918,25.5701,65.32,96,75,8.05,broken clouds
328,Te Anau,NZ,-45.4167,167.7167,39.99,94,99,2.13,overcast clouds
329,Smithers,CA,54.7804,-127.1743,57.52,72,40,2.3,scattered clouds
330,Bathsheba,BB,13.2167,-59.5167,84.81,79,75,19.57,broken clouds
331,Athabasca,CA,54.7169,-113.2854,73.13,38,6,10.29,clear sky
332,Manakara,MG,-22.1333,48.0167,65.19,83,0,6.71,clear sky
333,Verkhniye Kigi,RU,55.4083,58.6044,48.45,69,100,4.7,overcast clouds
334,Hervey Bay,AU,-25.2986,152.8535,57.02,94,30,15.01,scattered clouds
335,Maniitsoq,GL,65.4167,-52.9,35.83,62,100,2.17,overcast clouds
336,Ilulissat,GL,69.2167,-51.1,33.82,75,75,0.0,broken clouds
337,Dourbali,TD,11.8091,15.8632,85.75,57,7,9.95,clear sky
338,Palmas Bellas,PA,9.2319,-80.0867,86.0,83,100,2.98,overcast clouds
339,Haradok,BY,55.4624,29.9816,44.71,95,100,13.78,light rain
340,Faanui,PF,-16.4833,-151.75,77.97,75,49,14.99,light rain
341,Kutum,SD,14.2,24.6667,82.36,36,92,6.02,overcast clouds
342,Biak,ID,-0.9131,122.8766,76.32,83,86,1.32,overcast clouds
343,Uzhur,RU,55.3036,89.8339,25.77,88,71,2.86,broken clouds
344,Port Macquarie,AU,-31.4333,152.9167,46.89,84,2,7.38,clear sky
345,Baker City,US,44.7749,-117.8344,67.59,48,0,4.61,clear sky
346,Oranjemund,NA,-28.55,16.4333,58.15,88,0,7.54,clear sky
347,Nakamura,JP,32.9833,132.9333,70.32,90,100,2.75,overcast clouds
348,Lompoc,US,34.6391,-120.4579,74.01,71,100,6.91,overcast clouds
349,Chivay,PE,-15.6383,-71.6011,52.32,47,100,8.75,overcast clouds
350,Batagay-Alyta,RU,67.8006,130.4114,5.02,87,41,4.79,scattered clouds
351,Laguna,US,38.421,-121.4238,79.97,53,0,6.91,clear sky
352,Tura,IN,25.5198,90.2201,73.42,97,100,2.84,light rain
353,Dwarka,IN,22.2394,68.9678,81.32,71,3,9.44,clear sky
354,Itarema,BR,-2.9248,-39.9167,79.92,75,9,18.45,clear sky
355,Sao Joao Da Barra,BR,-21.6403,-41.0511,78.89,82,46,7.43,scattered clouds
356,Saraland,US,30.8207,-88.0706,87.82,29,0,8.9,clear sky
357,Esso,RU,55.9333,158.7,26.92,89,63,4.94,broken clouds
358,Long Beach,US,33.767,-118.1892,83.97,66,0,10.36,haze
359,Baruun-Urt,MN,46.6806,113.2792,23.16,65,81,9.46,broken clouds
360,Koygorodok,RU,60.445,50.9968,52.97,95,100,8.77,overcast clouds
361,Zhigansk,RU,66.7697,123.3711,20.01,88,85,3.98,overcast clouds
362,Casin,RO,46.2,26.75,53.17,67,7,8.66,clear sky
363,Burdur,TR,37.7203,30.2908,65.1,59,20,23.02,few clouds
364,Saint Anthony,US,45.0205,-93.218,75.04,45,0,11.5,clear sky
365,Kissidougou,GN,9.1848,-10.0999,70.9,94,72,1.39,moderate rain
366,Thinadhoo,MV,0.5333,72.9333,82.22,69,100,14.9,overcast clouds
367,Polunochnoye,RU,60.8697,60.4153,36.21,97,100,5.86,overcast clouds
368,Skibotn,NO,69.3913,20.2679,40.51,80,26,1.95,scattered clouds
369,Ranong,TH,9.9658,98.6348,78.06,85,100,4.81,overcast clouds
370,Eyl,SO,7.9803,49.8164,76.98,79,33,16.96,scattered clouds
371,Kent,GB,51.1667,0.6667,57.13,75,2,2.73,clear sky
372,Opuwo,NA,-18.0607,13.84,79.83,15,0,3.83,clear sky
373,Camalu,MX,30.85,-116.0667,72.55,67,20,12.95,few clouds
374,Akyab,MM,20.15,92.9,79.05,91,100,13.47,overcast clouds
375,Samarai,PG,-10.6167,150.6667,81.46,79,91,10.2,overcast clouds
376,Jasper,US,37.2001,-94.3502,84.11,23,0,5.75,clear sky
377,Nanakuli,US,21.3906,-158.1547,80.55,73,100,6.91,overcast clouds
378,Taltal,CL,-25.4,-70.4833,63.84,64,31,7.74,scattered clouds
379,Tosya,TR,41.0155,34.0401,57.45,76,73,5.5,broken clouds
380,Svetlaya,RU,46.5389,138.3297,51.78,88,11,9.4,few clouds
381,College,US,64.8569,-147.8028,40.59,93,100,3.44,mist
382,Ponta Delgada,PT,37.7333,-25.6667,75.51,83,20,11.5,few clouds
383,Zaraza,VE,9.3503,-65.3245,88.52,54,78,2.8,broken clouds
384,Faya,SA,18.3851,42.4509,64.51,57,5,1.81,clear sky
385,Patharia,IN,23.9,79.2,73.87,74,6,7.54,clear sky
386,Vieques,PR,18.425,-65.8329,93.22,52,40,9.22,scattered clouds
387,Sokolo,ML,14.7328,-6.1219,84.24,59,68,6.82,broken clouds
388,Jakar,BT,27.5492,90.7525,55.04,93,100,1.48,overcast clouds
389,Bara,NG,10.3744,10.7288,77.61,80,27,8.37,scattered clouds
390,Damietta,EG,31.4165,31.8133,80.49,80,0,10.69,clear sky
391,Hutchinson,US,38.0608,-97.9298,82.74,23,0,4.61,clear sky
392,Kajaani,FI,64.2273,27.7285,44.65,87,100,1.14,overcast clouds
393,Pechenga,RU,69.5259,31.1703,39.04,95,100,7.11,overcast clouds
394,Daru,PG,-9.0763,143.2092,78.62,89,85,11.16,overcast clouds
395,Forecariah,GN,9.4306,-13.0881,75.83,95,100,3.6,light rain
396,Ladario,BR,-19.0047,-57.6017,93.49,40,20,8.05,few clouds
397,Purificacion,CO,3.8587,-74.9313,93.42,35,55,2.51,broken clouds
398,Tefe,BR,-3.3542,-64.7114,89.71,62,20,4.61,few clouds
399,Okha,RU,53.5739,142.9478,47.59,88,100,12.33,overcast clouds
400,Alofi,NU,-19.0595,-169.9187,76.89,65,100,10.36,overcast clouds
401,Shar,KZ,49.5886,81.0453,31.86,56,0,4.52,clear sky
402,Horsham,GB,51.064,-0.3272,57.25,87,0,1.14,clear sky
403,Adwa,ET,14.1646,38.8955,66.33,54,71,1.81,broken clouds
404,Tabou,CI,4.423,-7.3528,75.74,91,76,6.76,light rain
405,Nenjiang,CN,49.1833,125.2167,39.67,73,100,6.38,light rain
406,Guerrero Negro,MX,27.9769,-114.0611,73.87,59,0,14.29,clear sky
407,Golden,US,39.7555,-105.2211,72.09,46,75,5.99,broken clouds
408,Cocal,BR,-28.6167,-49.35,66.88,67,22,6.11,few clouds
409,Sao Filipe,CV,14.8961,-24.4956,78.19,71,97,11.74,overcast clouds
410,Cabo San Lucas,MX,22.8909,-109.9124,95.61,48,20,9.22,few clouds
411,Fort Nelson,CA,58.8053,-122.7002,58.59,33,40,5.75,scattered clouds
412,Ntungamo,UG,-0.8833,29.65,64.02,97,96,2.44,overcast clouds
413,Zandvoort,NL,52.3749,4.5341,57.99,81,20,6.91,few clouds
414,Kushiro,JP,42.975,144.3747,58.55,79,100,7.81,overcast clouds
415,Erzurum,TR,40.0,41.5,47.88,36,100,1.68,overcast clouds
416,Mercedes,AR,-34.6515,-59.4307,82.85,23,68,8.46,broken clouds
417,Launceston,AU,-41.45,147.1667,42.15,96,40,4.61,mist
418,Huilong,CN,31.8111,121.655,77.94,91,0,15.77,clear sky
419,Rudbar,AF,30.15,62.6,72.59,20,0,9.64,clear sky
420,Padang,ID,-0.9492,100.3543,75.87,94,100,2.98,overcast clouds
421,Penzance,GB,50.1186,-5.5371,54.28,74,72,8.63,broken clouds
422,Edwardsville,US,38.8114,-89.9532,79.18,41,0,10.0,clear sky
423,Matamoros,MX,25.5333,-103.25,73.51,48,100,4.61,overcast clouds
424,Berlevag,NO,70.8578,29.0864,40.95,87,100,6.91,overcast clouds
425,Umm Lajj,SA,25.0213,37.2685,85.39,53,0,2.24,clear sky
426,Casteldaccia,IT,38.0526,13.5287,71.87,70,6,1.01,clear sky
427,Nara,JP,34.6851,135.8049,70.92,50,89,3.31,overcast clouds
428,Eureka,US,40.8021,-124.1637,72.68,78,29,3.0,scattered clouds
429,Katsuura,JP,35.1333,140.3,71.06,74,100,7.61,overcast clouds
430,Bethel,US,41.3712,-73.414,56.48,55,100,13.8,overcast clouds
431,Dumas,US,35.8656,-101.9732,78.94,25,0,5.75,clear sky
432,San Francisco,US,37.7749,-122.4194,76.03,65,40,9.22,scattered clouds
433,Bereda,ES,43.2686,-7.5406,61.57,100,100,3.74,overcast clouds
434,East Migpulao,PH,7.6325,123.3592,78.06,87,100,2.46,overcast clouds
435,Kaset Sombun,TH,16.2805,101.9542,73.87,98,100,2.71,light rain
436,Margate,GB,51.3813,1.3862,53.31,63,1,5.95,clear sky
437,Vestmannaeyjar,IS,63.4427,-20.2734,50.45,92,100,19.33,overcast clouds
438,Komsomolskiy,UZ,40.4272,71.7189,59.72,55,7,2.3,clear sky
439,Marsh Harbour,BS,26.5412,-77.0636,80.73,75,21,8.08,few clouds
440,Namatanai,PG,-3.6667,152.4333,78.46,77,9,6.82,clear sky
441,Tsuruoka,JP,38.7217,139.8217,63.27,80,97,7.56,overcast clouds
442,Clyde River,CA,70.4692,-68.5914,30.43,74,100,5.75,overcast clouds
443,Port Maria,JM,18.3685,-76.8895,87.04,92,94,0.96,light rain
444,Ginir,ET,7.1333,40.7,61.21,77,72,7.07,broken clouds
445,Zonguldak,TR,41.25,31.8333,54.79,90,9,4.76,light rain
446,Kaniama,CD,-7.5667,24.1833,66.63,90,100,5.77,overcast clouds
447,Vigrestad,NO,58.5667,5.7,55.58,82,5,17.83,clear sky
448,Belyy Yar,RU,53.6039,91.3903,25.86,76,0,6.71,clear sky
449,Cozumel,MX,20.5083,-86.9458,88.0,69,40,11.5,scattered clouds
450,Rawson,AR,-43.3002,-65.1023,53.22,44,100,16.93,overcast clouds
451,Nagorsk,RU,59.3172,50.8078,53.78,97,100,9.46,overcast clouds
452,Kemijarvi,FI,66.7131,27.4306,43.77,98,100,6.91,overcast clouds
453,Kiunga,PG,-6.1219,141.2906,72.1,100,97,1.05,overcast clouds
454,Dindori,IN,22.95,81.0833,70.29,79,99,3.2,overcast clouds
455,Kuryk,KZ,43.2,51.65,63.79,24,28,26.04,scattered clouds
456,Pavlodar,KZ,52.3,76.95,24.6,74,0,8.95,clear sky
457,Karpogory,RU,64.0019,44.4451,42.21,92,100,5.32,overcast clouds
458,Nishihara,JP,26.1842,127.7558,80.65,77,40,6.91,scattered clouds
459,Georgiyevskoye,RU,58.731,45.024,50.13,93,98,4.72,overcast clouds
460,Boende,CD,-0.2167,20.8667,67.59,96,98,1.34,overcast clouds
461,Kieta,PG,-6.2167,155.6333,78.75,81,42,3.2,scattered clouds
462,Tual,ID,-5.6667,132.75,82.71,74,84,9.33,broken clouds
463,Esqueda,MX,30.7167,-109.5833,79.86,34,52,3.44,broken clouds
464,Dutlwe,BW,-23.9833,23.9,76.14,20,0,9.95,clear sky
465,Havre-Saint-Pierre,CA,50.2334,-63.5986,52.16,32,20,12.66,few clouds
466,Labuhan,ID,-6.8844,112.2051,79.12,82,100,5.41,overcast clouds
467,Sur,OM,22.5667,59.5289,80.47,78,3,12.93,clear sky
468,North Branch,US,45.5113,-92.9802,73.54,58,69,9.95,broken clouds
469,Sao Felix Do Xingu,BR,-6.6447,-51.995,86.52,40,100,2.84,overcast clouds
470,Okmulgee,US,35.6234,-95.9605,83.84,21,0,5.75,clear sky
471,Nargana,PA,9.4428,-78.5906,83.88,71,45,8.08,scattered clouds
472,Hualmay,PE,-11.0964,-77.6139,67.23,72,50,9.78,scattered clouds
473,Lethem,GY,3.3803,-59.7968,84.63,66,75,7.85,broken clouds
474,Omsukchan,RU,62.5333,155.8,11.3,97,93,3.53,overcast clouds
475,Villanueva De La Serena,ES,38.9766,-5.7974,75.29,22,85,1.68,overcast clouds
476,Dronten,NL,52.5,5.7167,56.05,85,100,8.19,overcast clouds
477,Pasighat,IN,28.0667,95.3333,76.24,87,100,2.21,overcast clouds
478,Inhambane,MZ,-23.865,35.3833,71.58,83,0,0.0,clear sky
479,Katherine,AU,-14.4667,132.2667,80.92,50,100,2.3,overcast clouds
480,Parati,BR,-23.2178,-44.7131,68.9,96,100,2.59,overcast clouds
481,Anadyr,RU,64.75,177.4833,23.5,93,40,6.71,scattered clouds
482,Moroni,KM,-11.7022,43.2551,73.0,79,0,1.14,clear sky
483,Ahipara,NZ,-35.1667,173.1667,59.85,92,52,8.63,broken clouds
484,Vyritsa,RU,59.4078,30.3481,44.11,97,89,5.03,overcast clouds
485,Kristinehamn,SE,59.3098,14.1081,50.56,95,100,5.06,overcast clouds
486,Virginia Beach,US,36.8529,-75.978,70.02,79,100,6.91,overcast clouds
487,Westport,US,41.1415,-73.3579,57.88,60,100,20.71,overcast clouds
488,Makakilo City,US,21.3469,-158.0858,79.12,80,100,8.05,light rain
489,Solnechnyy,RU,50.7214,136.6319,46.4,97,100,1.3,light rain
490,Billings,US,45.7833,-108.5007,61.72,67,75,5.99,broken clouds
491,Ingham,US,42.6,-84.3833,66.06,47,0,11.5,clear sky
492,Hornepayne,CA,49.2138,-84.7705,57.13,32,89,6.4,overcast clouds
493,Neuquen,AR,-38.9516,-68.0591,73.29,23,0,13.8,clear sky
494,San Pedro,PH,14.35,121.0167,81.63,86,75,3.44,broken clouds
495,Batagay,RU,67.6333,134.6333,16.25,96,89,2.95,overcast clouds
496,Fortuna,US,40.5982,-124.1573,60.66,73,19,6.51,few clouds
497,Kauhajoki,FI,62.4333,22.1833,40.98,81,100,3.11,overcast clouds
498,Pomichna,UA,48.2422,31.4158,51.26,78,65,19.35,broken clouds
499,Manono,CD,-7.3,27.4167,78.26,66,100,10.58,overcast clouds
500,Gulu,UG,2.7746,32.299,67.05,76,67,2.68,broken clouds
501,Klaksvik,FO,62.2266,-6.589,52.72,81,14,24.47,few clouds
502,Ixtapa,MX,20.7,-105.2,83.23,83,100,4.61,overcast clouds
503,Imelda,PH,7.65,123.95,77.92,87,100,3.2,overcast clouds
504,Abu Samrah,SY,35.3029,37.1841,76.87,44,48,7.43,scattered clouds
505,Rocha,UY,-34.4833,-54.3333,65.12,63,3,12.75,clear sky
506,Auki,SB,-8.7676,160.7034,77.63,87,37,2.64,scattered clouds
507,Bajil,YE,15.0584,43.2851,89.44,48,47,4.65,scattered clouds
508,Toora-Khem,RU,52.4675,96.11,16.77,67,10,2.42,clear sky
509,Mikuni,JP,36.2171,136.1519,67.91,79,96,8.63,overcast clouds
510,Da Nang,VN,16.0678,108.2208,76.98,94,75,6.91,broken clouds
511,Payakumbuh,ID,-0.2202,100.6308,69.66,96,100,3.15,overcast clouds
512,Turhal,TR,40.3875,36.0811,65.68,80,100,4.92,light rain
513,Capljina,BA,43.1214,17.6844,64.54,72,0,2.37,clear sky
514,Bontang,ID,0.1333,117.5,77.56,86,100,2.64,heavy intensity rain
515,Genhe,CN,50.7833,121.5167,23.68,64,0,2.73,clear sky
516,Kavos,GR,38.8268,22.8322,75.2,51,0,0.92,clear sky
517,Maldonado,UY,-34.6667,-54.9167,61.99,67,3,13.11,clear sky
518,Kaeo,NZ,-35.1,173.7833,60.33,96,59,9.08,broken clouds
519,Asau,RO,46.4333,26.4,51.28,75,33,6.8,scattered clouds
520,Borovoy,RU,55.4333,86.0833,33.08,86,0,2.24,clear sky
521,Pochutla,MX,15.7432,-96.4661,85.82,68,98,5.03,overcast clouds
522,Santa Isabel,BR,-23.3156,-46.2214,72.7,77,79,6.96,broken clouds
523,Bowen,AU,-20.0167,148.2333,73.13,77,63,7.2,broken clouds
524,Visnes,NO,59.3556,5.2242,55.45,82,75,14.97,light intensity shower rain
525,Magdalena,PH,14.1999,121.429,77.32,91,100,6.6,overcast clouds
526,Pangody,RU,65.85,74.4859,32.85,75,100,13.65,overcast clouds
527,Kefamenanu,ID,-9.4467,124.4781,71.44,94,77,1.39,broken clouds
528,Pontian Kecil,MY,1.4801,103.3899,77.32,89,90,6.58,overcast clouds
529,Carndonagh,IE,55.25,-7.2667,56.82,90,63,5.53,broken clouds
530,Masvingo,ZW,-20.0637,30.8277,70.18,29,0,6.26,clear sky
531,Princeton,US,25.5384,-80.4089,88.02,56,75,11.5,broken clouds
532,Zaysan,KZ,47.4667,84.8667,32.5,38,0,1.66,clear sky
533,Am Timan,TD,11.0297,20.2827,71.35,90,100,14.56,moderate rain
534,Soyo,AO,-6.1349,12.3689,76.21,84,100,8.41,overcast clouds
535,Yacuiba,BO,-22.038,-63.6797,69.67,59,100,1.03,overcast clouds
536,Lakes Entrance,AU,-37.8811,147.981,41.16,89,91,4.54,overcast clouds
537,Dieppe,FR,49.75,1.1667,53.78,96,0,3.36,clear sky
538,Wuwei,CN,37.9281,102.6414,47.39,44,91,5.14,overcast clouds
539,Khandyga,RU,62.6667,135.6,19.94,71,92,3.53,overcast clouds
540,Nanortalik,GL,60.1432,-45.2371,37.65,79,48,13.67,scattered clouds
541,Whitehorse,CA,60.7161,-135.0538,49.1,54,75,11.5,broken clouds
542,Seymchan,RU,62.8833,152.4333,18.97,94,92,2.73,overcast clouds
543,Tucuman,AR,-26.8241,-65.2226,86.0,28,20,5.75,few clouds
544,Oromocto,CA,45.8351,-66.4792,58.71,35,0,10.36,clear sky
545,Ambilobe,MG,-13.2,49.05,66.47,76,5,3.69,clear sky
546,Galesong,ID,-5.3166,119.3661,75.22,78,85,6.04,overcast clouds
547,Dmitriyevskoye,RU,45.8053,41.8967,70.59,46,71,12.33,broken clouds
548,Mayya,RU,61.7333,130.2811,24.12,79,100,7.25,overcast clouds
549,Agrado,CO,2.2573,-75.7714,85.1,42,96,7.49,overcast clouds
550,Bam,IR,29.106,58.357,78.21,18,0,8.01,clear sky
551,Konza,KE,-1.7426,37.1294,61.97,61,63,9.93,broken clouds
552,Winnipeg,CA,49.8844,-97.147,70.09,53,75,11.5,broken clouds
553,Yabrud,SY,33.9674,36.6574,66.29,35,18,3.4,few clouds
554,Quelimane,MZ,-17.8786,36.8883,75.15,83,0,5.99,clear sky
555,Coihaique,CL,-45.5752,-72.0662,66.81,34,0,8.05,clear sky
556,Choctaw,US,35.4976,-97.2689,87.12,24,0,4.61,clear sky
557,Kholodnyy,RU,62.7167,147.95,13.57,96,100,2.89,overcast clouds
558,Hamilton,US,39.1834,-84.5333,71.74,56,20,24.16,few clouds
559,Civitavecchia,IT,42.0933,11.7967,68.61,83,66,7.92,broken clouds
560,Buta,CD,2.7858,24.73,69.42,99,100,2.06,moderate rain
561,Kenora,CA,49.8167,-94.4337,63.57,55,20,8.05,few clouds
562,Half Moon Bay,US,37.4636,-122.4286,76.53,61,75,9.22,broken clouds
563,Kismayo,SO,-0.3582,42.5454,76.21,72,73,18.48,broken clouds
564,Moose Factory,CA,51.2585,-80.6094,51.8,46,0,13.8,clear sky
565,Turan,VN,16.0678,108.2208,75.18,100,75,5.75,broken clouds
566,Yerbogachen,RU,61.2767,108.0108,28.13,81,99,5.46,overcast clouds
567,Garden City,US,42.3256,-83.331,66.87,41,20,14.97,few clouds
568,Ayagoz,KZ,47.9714,80.4392,29.93,49,0,11.83,clear sky
569,La Ronge,CA,55.1001,-105.2842,71.85,37,20,16.11,few clouds
570,Burnie,AU,-41.0667,145.9167,47.91,81,96,3.47,overcast clouds
571,Hagi,JP,34.4,131.4167,71.06,84,41,9.98,scattered clouds
572,Santa Cruz,BO,-17.8,-63.1667,91.45,38,89,2.3,overcast clouds
573,Coquimbo,CL,-29.9533,-71.3436,60.53,72,40,10.36,scattered clouds
574,Sioux Lookout,CA,50.1001,-91.917,64.47,55,20,5.75,few clouds
575,Srednekolymsk,RU,67.45,153.6833,24.04,90,98,1.43,overcast clouds
576,Teya,RU,60.3778,92.6267,29.55,85,100,4.16,overcast clouds
577,Marion,US,39.7684,-86.1555,71.98,50,20,14.97,few clouds
578,Owando,CG,-0.4819,15.8999,70.0,98,83,1.77,broken clouds
579,Lorengau,PG,-2.0226,147.2712,80.85,77,50,5.28,scattered clouds
580,Gaozhou,CN,21.9392,110.8461,75.31,93,7,3.11,clear sky
581,Dunedin,NZ,-45.8742,170.5036,47.44,71,3,10.13,clear sky
582,Zyryanka,RU,65.75,150.85,24.33,96,100,3.49,overcast clouds
583,Kurikka,FI,62.6167,22.4167,43.09,81,100,3.2,overcast clouds
584,Kousseri,CM,12.0769,15.0306,82.36,78,0,5.75,clear sky
585,Sao Joao Do Paraiso,BR,-15.3136,-42.0144,83.21,37,92,7.96,overcast clouds
586,Atherton,GB,53.5237,-2.4935,54.43,86,6,2.04,clear sky
587,Lokosovo,RU,61.1333,74.8167,29.05,79,65,8.93,broken clouds
588,Araouane,ML,18.9048,-3.5265,95.77,26,11,7.92,few clouds
589,Evensk,RU,61.95,159.2333,29.39,67,39,7.94,scattered clouds
590,Vardo,NO,70.3705,31.1107,42.78,87,100,3.44,overcast clouds
591,Jinchang,CN,38.4953,102.1739,46.45,43,95,7.63,overcast clouds
592,Harper,LR,4.375,-7.7169,75.92,90,95,7.58,light rain
593,Owase,JP,34.0667,136.2,70.43,82,93,3.69,overcast clouds
594,Hirara,JP,24.8,125.2833,81.23,70,4,10.56,clear sky
595,Vostok,RU,46.4856,135.8833,47.08,94,42,5.08,scattered clouds
596,Chalus,IR,36.655,51.4204,67.46,83,0,4.61,clear sky
597,San Jose,US,37.3394,-121.895,77.54,58,20,5.75,few clouds
598,Shache,CN,38.4167,77.2406,60.15,23,100,5.44,overcast clouds
599,Conceicao Do Coite,BR,-11.5639,-39.2828,84.65,40,36,13.35,scattered clouds
600,Summerville,US,33.0185,-80.1757,73.89,66,100,10.36,overcast clouds
601,Turayf,SA,31.6725,38.6637,73.65,25,0,4.61,clear sky
602,Harnosand,SE,62.6323,17.9379,46.99,90,100,5.79,overcast clouds
603,Gainesville,US,29.6516,-82.3248,85.78,44,0,11.5,clear sky
604,Puerto Lopez,CO,4.0845,-72.956,88.21,52,15,1.19,few clouds
605,Fuyang,CN,32.9,115.8167,80.44,65,85,2.82,overcast clouds
606,Keffi,NG,8.8486,7.8736,73.06,92,47,3.96,light rain
607,Lebork,PL,54.5392,17.7501,51.93,91,21,13.85,few clouds
608,Waipawa,NZ,-41.4122,175.5153,49.46,96,100,5.77,overcast clouds
609,Abalak,RU,58.1286,68.5944,37.65,61,100,10.04,overcast clouds
610,Tongchuan,CN,35.0806,109.0897,61.99,83,100,7.65,overcast clouds
611,Qasigiannguit,GL,68.8193,-51.1922,34.05,90,94,0.89,overcast clouds
612,Sayyan,YE,15.1718,44.3244,61.7,43,23,1.36,few clouds
613,Foumbot,CM,5.5079,10.6356,64.45,93,55,2.24,broken clouds
614,Tromso,NO,69.6496,18.957,38.37,81,75,3.44,broken clouds
615,Gushi,CN,34.6425,109.5843,68.09,62,100,15.68,overcast clouds
616,Tripoli,LY,32.8752,13.1875,74.75,63,0,8.08,clear sky
617,Amboasary,MG,-25.0333,46.3833,70.68,70,42,3.74,scattered clouds
618,Anloga,GH,5.7947,0.8973,78.04,85,62,7.87,broken clouds
619,Luganville,VU,-15.5333,167.1667,79.25,78,31,4.21,scattered clouds
620,Aras,ES,42.5617,-2.356,61.21,68,0,1.14,clear sky
621,Nouakchott,MR,18.0858,-15.9785,82.33,59,2,14.05,clear sky
622,Olot,ES,42.181,2.4901,64.99,51,24,1.99,few clouds
623,Baherden,TM,38.4362,57.4316,58.71,21,0,6.93,clear sky
624,Mandalay,MM,21.9747,96.0836,76.37,92,100,3.78,light rain
625,Jawala Mukhi,IN,31.8833,76.3167,69.62,68,0,4.92,clear sky
626,Xuanhua,CN,40.6103,115.0447,58.82,64,100,8.75,overcast clouds
627,Leshukonskoye,RU,64.8989,45.7622,39.56,96,100,4.23,overcast clouds
628,Kudahuvadhoo,MV,2.6708,72.8944,81.1,75,100,16.75,light rain
629,Coahuayana,MX,18.7333,-103.6833,82.67,73,97,2.68,overcast clouds
630,Honiara,SB,-9.4333,159.95,78.31,84,65,3.2,broken clouds
631,Lithgow,AU,-33.4833,150.15,37.0,95,0,0.38,clear sky
632,San Juan,AR,-31.5375,-68.5364,84.15,19,0,11.61,clear sky
633,Sabang,ID,5.8933,95.3214,81.3,77,100,20.8,overcast clouds
634,Grindavik,IS,63.8424,-22.4338,50.47,100,100,18.41,overcast clouds
635,Kamennogorsk,RU,60.9545,29.1339,41.05,92,84,4.34,broken clouds
636,Luang Prabang,LA,19.8856,102.1347,72.73,100,100,1.32,overcast clouds
637,Acarau,BR,-2.8856,-40.12,80.55,73,7,19.91,clear sky
638,Sabha,LY,27.0377,14.4283,86.32,30,0,16.02,clear sky
639,Pangnirtung,CA,66.1451,-65.7125,37.4,60,20,14.97,few clouds
640,Trondheim,NO,63.4305,10.3951,51.89,93,96,1.01,overcast clouds
641,Kukes,AL,42.0769,20.4219,59.79,80,1,6.96,clear sky
642,Kushmurun,KZ,52.4503,64.6311,36.88,35,0,6.06,clear sky
643,Fort Abbas,PK,29.1925,72.8536,86.77,28,0,9.98,clear sky
644,Ozernovskiy,RU,51.5,156.5167,45.82,67,100,7.9,overcast clouds
645,Kirakira,SB,-10.4544,161.9205,79.61,83,43,5.17,scattered clouds
646,Tevaitoa,PF,-16.7833,-151.5,77.65,75,74,13.87,light rain
647,Hambantota,LK,6.1241,81.1185,79.77,78,87,21.97,overcast clouds
648,Luanda,AO,-8.8368,13.2343,75.2,83,20,6.91,few clouds
649,Mandera,KE,3.9366,41.867,86.36,37,93,21.77,overcast clouds
650,Sangar,RU,63.9242,127.4739,18.84,89,71,6.76,broken clouds
651,Haines Junction,CA,60.7522,-137.5108,51.75,46,70,6.91,broken clouds
652,Pimenta Bueno,BR,-11.6725,-61.1936,82.06,66,100,7.72,overcast clouds
653,Gavle,SE,60.6745,17.1417,49.37,92,100,1.01,overcast clouds
654,Nantai,CN,40.9241,122.8044,58.68,81,100,3.09,overcast clouds
655,Hemsedal,NO,60.8629,8.5534,46.15,84,20,6.17,few clouds
656,Rochelle,FR,46.25,-1.0,64.49,88,100,8.05,overcast clouds
657,Jiexiu,CN,37.0244,111.9125,67.06,96,100,1.19,overcast clouds
658,Itoman,JP,26.1247,127.6694,81.37,75,20,6.91,few clouds
659,Nizhniy Kuranakh,RU,58.8353,125.4869,23.29,94,100,5.28,light snow
660,Markova,UA,48.6758,24.4138,49.95,69,24,11.48,few clouds
661,Hadgaon,IN,19.5,77.6667,73.4,76,100,6.35,overcast clouds
662,Troitskoye,RU,52.9821,84.6757,26.51,86,11,7.65,few clouds
663,Pancas,BR,-19.225,-40.8514,83.73,51,100,7.9,overcast clouds
664,Rudolfov,CZ,48.9934,14.5418,52.79,90,100,9.28,overcast clouds
665,Alekseyevsk,RU,57.8406,108.3492,30.13,97,100,4.61,light snow
666,Capitan Bado,PY,-23.2667,-55.5333,74.59,70,72,4.85,broken clouds
667,Torrington,US,41.8007,-73.1212,55.69,66,99,7.0,overcast clouds
668,Bolshoy Lug,RU,52.0779,104.0919,30.38,79,98,6.71,overcast clouds
669,Orcopampa,PE,-15.2661,-72.3417,45.25,80,100,3.22,light rain
670,Sarlat-La-Caneda,FR,44.889,1.2166,58.86,92,91,0.43,overcast clouds
671,San Quintin,MX,30.4833,-115.95,72.03,68,30,13.49,scattered clouds
672,Urumqi,CN,43.801,87.6005,34.75,52,0,4.47,clear sky
673,Parkersburg,US,39.2667,-81.5615,59.58,82,100,11.5,overcast clouds
674,Novodolinskiy,KZ,49.705,72.7047,19.98,56,0,9.35,clear sky
675,Odweyne,SO,9.4092,45.064,76.01,52,36,6.4,scattered clouds
676,Nome,US,64.5011,-165.4064,35.67,70,0,4.61,clear sky
677,Hami,CN,42.8,93.45,42.22,17,3,6.33,clear sky
678,Sakakah,SA,29.9697,40.2064,83.77,16,0,2.06,clear sky
679,Gizo,SB,-8.103,156.8419,81.23,76,99,3.65,light rain
680,Huarmey,PE,-10.0681,-78.1522,68.0,72,34,10.58,scattered clouds
681,Yulara,AU,-25.2406,130.9889,64.62,67,12,5.35,few clouds
